source,target,regex,type,code,match,hits,title
"/bedrock-command-list-command-gamemode/","https://next.napoan.com/bedrock-command-list-command-gamemode","0","url","301","url","0",""
"/bedrock-command-list-command-say/","https://next.napoan.com/bedrock-command-list-command-say","0","url","301","url","0",""
"/bedrock-command-list-command-replaceitem/","https://next.napoan.com/bedrock-command-list-command-replaceitem","0","url","301","url","0",""
"/bedrock-command-list-command-op/","https://next.napoan.com/bedrock-command-list-command-op","0","url","301","url","0",""
"/bedrock-command-list-command-setmaxplayers/","https://next.napoan.com/bedrock-command-list-command-setmaxplayers","0","url","301","url","0",""
"/bedrock-command-list-command-give/","https://next.napoan.com/bedrock-command-list-command-give","0","url","301","url","0",""
"/bedrock-command-list-command-list/","https://next.napoan.com/bedrock-command-list-command-list","0","url","301","url","0",""
"/bedrock-command-list-command-kill/","https://next.napoan.com/bedrock-command-list-command-kill","0","url","301","url","0",""
"/bedrock-command-list-command-help/","https://next.napoan.com/bedrock-command-list-command-help","0","url","301","url","0",""
"/bedrock-command-list-command-me/","https://next.napoan.com/bedrock-command-list-command-me","0","url","301","url","0",""
"/bedrock-command-list-command-execute/","https://next.napoan.com/bedrock-command-list-command-execute","0","url","301","url","0",""
"/bedrock-command-list-command-gamerule/","https://next.napoan.com/bedrock-command-list-command-gamerule","0","url","301","url","0",""
"/bedrock-command-list-command-enchant/","https://next.napoan.com/bedrock-command-list-command-enchant","0","url","301","url","0",""
"/bedrock-command-list-command-effect/","https://next.napoan.com/bedrock-command-list-command-effect","0","url","301","url","0",""
"/bedrock-command-list-command-difficulty/","https://next.napoan.com/bedrock-command-list-command-difficulty","0","url","301","url","0",""
"/bedrock-command-list-command-clone/","https://next.napoan.com/bedrock-command-list-command-clone","0","url","301","url","0",""
"/bedrock-command-list-command-locate/","https://next.napoan.com/bedrock-command-list-command-locate","0","url","301","url","0",""
"/bedrock-command-list-command-deop/","https://next.napoan.com/bedrock-command-list-command-deop","0","url","301","url","0",""
"/bedrock-command-list-command-clear/","https://next.napoan.com/bedrock-command-list-command-clear","0","url","301","url","0",""
"/bedrock-command-list-command-playsound/","https://next.napoan.com/bedrock-command-list-command-playsound","0","url","301","url","0",""
"/bedrock-command-list-command-testfor/","https://next.napoan.com/bedrock-command-list-command-testfor","0","url","301","url","0",""
"/bedrock-command-list-command-tell/","https://next.napoan.com/bedrock-command-list-command-tell","0","url","301","url","0",""
"/bedrock-command-list-command-setblock/","https://next.napoan.com/bedrock-command-list-command-setblock","0","url","301","url","0",""
"/bedrock-command-list-command-teleport/","https://next.napoan.com/bedrock-command-list-command-teleport","0","url","301","url","0",""
"/bedrock-command-list-command-spreadplayers/","https://next.napoan.com/bedrock-command-list-command-spreadplayers","0","url","301","url","0",""
"/bedrock-command-list-command-spawnpoint/","https://next.napoan.com/bedrock-command-list-command-spawnpoint","0","url","301","url","0",""
"/bedrock-command-list-command-stopsound/","https://next.napoan.com/bedrock-command-list-command-stopsound","0","url","301","url","0",""
"/bedrock-command-list-command-setworldspawn/","https://next.napoan.com/bedrock-command-list-command-setworldspawn","0","url","301","url","0",""
"/napocom2021-renewal/","https://next.napoan.com/napocom2021-renewal","0","url","301","url","0",""
"/je-requirements-3-14/","https://next.napoan.com/je-requirements-3-14","0","url","301","url","0",""
"/bedrock-command-list-command-alwaysday/","https://next.napoan.com/bedrock-command-list-command-alwaysday","0","url","301","url","0",""
"/bedrock-command-list-command-testforblock/","https://next.napoan.com/bedrock-command-list-command-testforblock","0","url","301","url","0",""
"/bedrock-command-list-command-testforblocks/","https://next.napoan.com/bedrock-command-list-command-testforblocks","0","url","301","url","0",""
"/bedrock-command-list-command-tickingarea/","https://next.napoan.com/bedrock-command-list-command-tickingarea","0","url","301","url","0",""
"/bedrock-command-list-command-time/","https://next.napoan.com/bedrock-command-list-command-time","0","url","301","url","0",""
"/bedrock-command-list-command-title/","https://next.napoan.com/bedrock-command-list-command-title","0","url","301","url","0",""
"/bedrock-command-list-command-toggledownfall/","https://next.napoan.com/bedrock-command-list-command-toggledownfall","0","url","301","url","0",""
"/bedrock-command-list-command-transfersserver/","https://next.napoan.com/bedrock-command-list-command-transfersserver","0","url","301","url","0",""
"/bedrock-command-list-command-wsserver/","https://next.napoan.com/bedrock-command-list-command-wsserver","0","url","301","url","0",""
"/bedrock-command-list-command-xp/","https://next.napoan.com/bedrock-command-list-command-xp","0","url","301","url","0",""
"/youtube-steveee-growing-fast/","https://next.napoan.com/youtube-steveee-growing-fast","0","url","301","url","0",""
"/moved-to-vercel/","https://next.napoan.com/moved-to-vercel","0","url","301","url","0",""
"/41724989/","https://next.napoan.com/41724989","0","url","301","url","0",""
"/hello-world-MC_AruBlog/","https://next.napoan.com/hello-world-MC_AruBlog","0","url","301","url","0",""
"/optifine-recommended-settings/","https://next.napoan.com/optifine-recommended-settings","0","url","301","url","0",""
"/why-switch-is-still-only-digital/","https://next.napoan.com/why-switch-is-still-only-digital","0","url","301","url","0",""
"/version111-entity-id-changes/","https://next.napoan.com/version111-entity-id-changes","0","url","301","url","0",""
"/version110-mods-matome/","https://next.napoan.com/version110-mods-matome","0","url","301","url","0",""
"/tunnel-with-walls/","https://next.napoan.com/tunnel-with-walls","0","url","301","url","0",""
"/todays-video-panostreammod/","https://next.napoan.com/todays-video-panostreammod","0","url","301","url","0",""
"/title-command-tool-usage/","https://next.napoan.com/title-command-tool-usage","0","url","301","url","0",""
"/structure-block-usage-guide/","https://next.napoan.com/structure-block-usage-guide","0","url","301","url","0",""
"/summon-command-converter/","https://next.napoan.com/summon-command-converter","0","url","301","url","0",""
"/structure-load-on-coord-or-entity/","https://next.napoan.com/structure-load-on-coord-or-entity","0","url","301","url","0",""
"/stop-mod-reposts/","https://next.napoan.com/stop-mod-reposts","0","url","301","url","0",""
"/splatoon-trap-command-part2/","https://next.napoan.com/splatoon-trap-command-part2","0","url","301","url","0",""
"/seus-on-intel-hd-graphics/","https://next.napoan.com/seus-on-intel-hd-graphics","0","url","301","url","0",""
"/shincolle-beta/","https://next.napoan.com/shincolle-beta","0","url","301","url","0",""
"/shader-cphsbc-by-crushedpixel/","https://next.napoan.com/shader-cphsbc-by-crushedpixel","0","url","301","url","0",""
"/seriesx-spec-revealed/","https://next.napoan.com/seriesx-spec-revealed","0","url","301","url","0",""
"/scoreboard-stat-count/","https://next.napoan.com/scoreboard-stat-count","0","url","301","url","0",""
"/right-click-item/","https://next.napoan.com/right-click-item","0","url","301","url","0",""
"/pe-summon-command-guide/","https://next.napoan.com/pe-summon-command-guide","0","url","301","url","0",""
"/pe-time-weather-command-guide/","https://next.napoan.com/pe-time-weather-command-guide","0","url","301","url","0",""
"/pe-jungle-temple-seeds/","https://next.napoan.com/pe-jungle-temple-seeds","0","url","301","url","0",""
"/pe-igloo-seeds/","https://next.napoan.com/pe-igloo-seeds","0","url","301","url","0",""
"/pe-howtojoin-10-beta/","https://next.napoan.com/pe-howtojoin-10-beta","0","url","301","url","0",""
"/pe-command-testfor-message/","https://next.napoan.com/pe-command-testfor-message","0","url","301","url","0",""
"/pe-candestroy-canplaceon-command/","https://next.napoan.com/pe-candestroy-canplaceon-command","0","url","301","url","0",""
"/pc-version11-mods-matome/","https://next.napoan.com/pc-version11-mods-matome","0","url","301","url","0",""
"/pc-newway-tobuy/","https://next.napoan.com/pc-newway-tobuy","0","url","301","url","0",""
"/pc-113-gamemode-command/","https://next.napoan.com/pc-113-gamemode-command","0","url","301","url","0",""
"/pc-112-functions-guide/","https://next.napoan.com/pc-112-functions-guide","0","url","301","url","0",""
"/one-command-build-and-share/","https://next.napoan.com/one-command-build-and-share","0","url","301","url","0",""
"/obs-iphone-mac/","https://next.napoan.com/obs-iphone-mac","0","url","301","url","0",""
"/mobile-switch-world-transfer/","https://next.napoan.com/mobile-switch-world-transfer","0","url","301","url","0",""
"/minimap-battle/","https://next.napoan.com/minimap-battle","0","url","301","url","0",""
"/mcbe-scoreboard-guide/","https://next.napoan.com/mcbe-scoreboard-guide","0","url","301","url","0",""
"/mcbe-fill-syntax-guide/","https://next.napoan.com/mcbe-fill-syntax-guide","0","url","301","url","0",""
"/je-mods-matome-for-112/","https://next.napoan.com/je-mods-matome-for-112","0","url","301","url","0",""
"/java-debug-stick-usage/","https://next.napoan.com/java-debug-stick-usage","0","url","301","url","0",""
"/bedrock-update-121/","https://next.napoan.com/bedrock-update-121","0","url","301","url","0",""
"/bedrock-multiplayer-permission/","https://next.napoan.com/bedrock-multiplayer-permission","0","url","301","url","0",""
"/bedrock-command-words-pickup/","https://next.napoan.com/bedrock-command-words-pickup","0","url","301","url","0",""
"/33712311-2/","https://next.napoan.com/33712311-2","0","url","301","url","0",""
"/2018-upcoming-updates/","https://next.napoan.com/2018-upcoming-updates","0","url","301","url","0",""
"/33740384-2/","https://next.napoan.com/33740384-2","0","url","301","url","0",""
"/35484205-2/","https://next.napoan.com/35484205-2","0","url","301","url","0",""
"/2016-april-netabarashi/","https://next.napoan.com/2016-april-netabarashi","0","url","301","url","0",""
"/33644258-2/","https://next.napoan.com/33644258-2","0","url","301","url","0",""
"/33771731-2/","https://next.napoan.com/33771731-2","0","url","301","url","0",""
"/36086441-2/","https://next.napoan.com/36086441-2","0","url","301","url","0",""
"/36155041-2/","https://next.napoan.com/36155041-2","0","url","301","url","0",""
"/36251908-2/","https://next.napoan.com/36251908-2","0","url","301","url","0",""
"/36325967-2/","https://next.napoan.com/36325967-2","0","url","301","url","0",""
"/36814689-2/","https://next.napoan.com/36814689-2","0","url","301","url","0",""
"/36662546-2/","https://next.napoan.com/36662546-2","0","url","301","url","0",""
"/36229893-2/","https://next.napoan.com/36229893-2","0","url","301","url","0",""
"/36839671-2/","https://next.napoan.com/36839671-2","0","url","301","url","0",""
"/36862291-2/","https://next.napoan.com/36862291-2","0","url","301","url","0",""
"/36907955-2/","https://next.napoan.com/36907955-2","0","url","301","url","0",""
"/36887784-2/","https://next.napoan.com/36887784-2","0","url","301","url","0",""
"/36995974-2/","https://next.napoan.com/36995974-2","0","url","301","url","0",""
"/36997998-2/","https://next.napoan.com/36997998-2","0","url","301","url","0",""
"/37165266-2/","https://next.napoan.com/37165266-2","0","url","301","url","0",""
"/37039136-2/","https://next.napoan.com/37039136-2","0","url","301","url","0",""
"/37125701-2/","https://next.napoan.com/37125701-2","0","url","301","url","0",""
"/37167848-2/","https://next.napoan.com/37167848-2","0","url","301","url","0",""
"/37272766-2/","https://next.napoan.com/37272766-2","0","url","301","url","0",""
"/37357612-2/","https://next.napoan.com/37357612-2","0","url","301","url","0",""
"/37188511-2/","https://next.napoan.com/37188511-2","0","url","301","url","0",""
"/37427805-2/","https://next.napoan.com/37427805-2","0","url","301","url","0",""
"/37553953-2/","https://next.napoan.com/37553953-2","0","url","301","url","0",""
"/37672384-2/","https://next.napoan.com/37672384-2","0","url","301","url","0",""
"/37688781-2/","https://next.napoan.com/37688781-2","0","url","301","url","0",""
"/37862270-2/","https://next.napoan.com/37862270-2","0","url","301","url","0",""
"/37767836-2/","https://next.napoan.com/37767836-2","0","url","301","url","0",""
"/37723371-2/","https://next.napoan.com/37723371-2","0","url","301","url","0",""
"/37823841-2/","https://next.napoan.com/37823841-2","0","url","301","url","0",""
"/37903717-2/","https://next.napoan.com/37903717-2","0","url","301","url","0",""
"/37942287-2/","https://next.napoan.com/37942287-2","0","url","301","url","0",""
"/37976968-2/","https://next.napoan.com/37976968-2","0","url","301","url","0",""
"/38019693-2/","https://next.napoan.com/38019693-2","0","url","301","url","0",""
"/38033944-2/","https://next.napoan.com/38033944-2","0","url","301","url","0",""
"/38134601-2/","https://next.napoan.com/38134601-2","0","url","301","url","0",""
"/38156378-2/","https://next.napoan.com/38156378-2","0","url","301","url","0",""
"/38244700-2/","https://next.napoan.com/38244700-2","0","url","301","url","0",""
"/38176145-2/","https://next.napoan.com/38176145-2","0","url","301","url","0",""
"/38269970-2/","https://next.napoan.com/38269970-2","0","url","301","url","0",""
"/38309380-2/","https://next.napoan.com/38309380-2","0","url","301","url","0",""
"/38099683-2/","https://next.napoan.com/38099683-2","0","url","301","url","0",""
"/38400091-2/","https://next.napoan.com/38400091-2","0","url","301","url","0",""
"/38423852-2/","https://next.napoan.com/38423852-2","0","url","301","url","0",""
"/38498324-2/","https://next.napoan.com/38498324-2","0","url","301","url","0",""
"/38512603-2/","https://next.napoan.com/38512603-2","0","url","301","url","0",""
"/38512887-2/","https://next.napoan.com/38512887-2","0","url","301","url","0",""
"/38548275-2/","https://next.napoan.com/38548275-2","0","url","301","url","0",""
"/38609878-2/","https://next.napoan.com/38609878-2","0","url","301","url","0",""
"/38663538-2/","https://next.napoan.com/38663538-2","0","url","301","url","0",""
"/38628858-2/","https://next.napoan.com/38628858-2","0","url","301","url","0",""
"/38682436-2/","https://next.napoan.com/38682436-2","0","url","301","url","0",""
"/38716222-2/","https://next.napoan.com/38716222-2","0","url","301","url","0",""
"/38768454-2/","https://next.napoan.com/38768454-2","0","url","301","url","0",""
"/38861610-2/","https://next.napoan.com/38861610-2","0","url","301","url","0",""
"/38821756-2/","https://next.napoan.com/38821756-2","0","url","301","url","0",""
"/38910737-2/","https://next.napoan.com/38910737-2","0","url","301","url","0",""
"/38914302-2/","https://next.napoan.com/38914302-2","0","url","301","url","0",""
"/38930143-2/","https://next.napoan.com/38930143-2","0","url","301","url","0",""
"/40484914-2/","https://next.napoan.com/40484914-2","0","url","301","url","0",""
"/40500410-2/","https://next.napoan.com/40500410-2","0","url","301","url","0",""
"/40532156-2/","https://next.napoan.com/40532156-2","0","url","301","url","0",""
"/40560860-2/","https://next.napoan.com/40560860-2","0","url","301","url","0",""
"/40576974-2/","https://next.napoan.com/40576974-2","0","url","301","url","0",""
"/40623466-2/","https://next.napoan.com/40623466-2","0","url","301","url","0",""
"/40674970-2/","https://next.napoan.com/40674970-2","0","url","301","url","0",""
"/40690052-2/","https://next.napoan.com/40690052-2","0","url","301","url","0",""
"/40772419-2/","https://next.napoan.com/40772419-2","0","url","301","url","0",""
"/40805228-2/","https://next.napoan.com/40805228-2","0","url","301","url","0",""
"/40788054-2/","https://next.napoan.com/40788054-2","0","url","301","url","0",""
"/40869747-2/","https://next.napoan.com/40869747-2","0","url","301","url","0",""
"/40888696-2/","https://next.napoan.com/40888696-2","0","url","301","url","0",""
"/40968329-2/","https://next.napoan.com/40968329-2","0","url","301","url","0",""
"/41053645-2/","https://next.napoan.com/41053645-2","0","url","301","url","0",""
"/41086925-2/","https://next.napoan.com/41086925-2","0","url","301","url","0",""
"/41103839-2/","https://next.napoan.com/41103839-2","0","url","301","url","0",""
"/41140063-2/","https://next.napoan.com/41140063-2","0","url","301","url","0",""
"/41156544-2/","https://next.napoan.com/41156544-2","0","url","301","url","0",""
"/41249070-2/","https://next.napoan.com/41249070-2","0","url","301","url","0",""
"/41287163-2/","https://next.napoan.com/41287163-2","0","url","301","url","0",""
"/41251248-2/","https://next.napoan.com/41251248-2","0","url","301","url","0",""
"/41333872-2/","https://next.napoan.com/41333872-2","0","url","301","url","0",""
"/41419102-2/","https://next.napoan.com/41419102-2","0","url","301","url","0",""
"/41452135-2/","https://next.napoan.com/41452135-2","0","url","301","url","0",""
"/41549507-2/","https://next.napoan.com/41549507-2","0","url","301","url","0",""
"/41601893-2/","https://next.napoan.com/41601893-2","0","url","301","url","0",""
"/41675601-2/","https://next.napoan.com/41675601-2","0","url","301","url","0",""
"/41693721-2/","https://next.napoan.com/41693721-2","0","url","301","url","0",""
"/41748263-2/","https://next.napoan.com/41748263-2","0","url","301","url","0",""
"/41779201-2/","https://next.napoan.com/41779201-2","0","url","301","url","0",""
"/41846164-2/","https://next.napoan.com/41846164-2","0","url","301","url","0",""
"/41831177-2/","https://next.napoan.com/41831177-2","0","url","301","url","0",""
"/41930554-2/","https://next.napoan.com/41930554-2","0","url","301","url","0",""
"/41881338-2/","https://next.napoan.com/41881338-2","0","url","301","url","0",""
"/41913873-2/","https://next.napoan.com/41913873-2","0","url","301","url","0",""
"/42027046-2/","https://next.napoan.com/42027046-2","0","url","301","url","0",""
"/42116383-2/","https://next.napoan.com/42116383-2","0","url","301","url","0",""
"/42421322-2/","https://next.napoan.com/42421322-2","0","url","301","url","0",""
"/42596690-2/","https://next.napoan.com/42596690-2","0","url","301","url","0",""
"/42689915-2/","https://next.napoan.com/42689915-2","0","url","301","url","0",""
"/42733819-2/","https://next.napoan.com/42733819-2","0","url","301","url","0",""
"/42875186-2/","https://next.napoan.com/42875186-2","0","url","301","url","0",""
"/43099424-2/","https://next.napoan.com/43099424-2","0","url","301","url","0",""
"/43160503-2/","https://next.napoan.com/43160503-2","0","url","301","url","0",""
"/43253365-2/","https://next.napoan.com/43253365-2","0","url","301","url","0",""
"/43267452-2/","https://next.napoan.com/43267452-2","0","url","301","url","0",""
"/43362544-2/","https://next.napoan.com/43362544-2","0","url","301","url","0",""
"/43469849-2/","https://next.napoan.com/43469849-2","0","url","301","url","0",""
"/43557760-2/","https://next.napoan.com/43557760-2","0","url","301","url","0",""
"/43515281-2/","https://next.napoan.com/43515281-2","0","url","301","url","0",""
"/43604216-2/","https://next.napoan.com/43604216-2","0","url","301","url","0",""
"/43561606-2/","https://next.napoan.com/43561606-2","0","url","301","url","0",""
"/43638510-2/","https://next.napoan.com/43638510-2","0","url","301","url","0",""
"/43697914-2/","https://next.napoan.com/43697914-2","0","url","301","url","0",""
"/43728794-2/","https://next.napoan.com/43728794-2","0","url","301","url","0",""
"/43760219-2/","https://next.napoan.com/43760219-2","0","url","301","url","0",""
"/43913717-2/","https://next.napoan.com/43913717-2","0","url","301","url","0",""
"/43943060-2/","https://next.napoan.com/43943060-2","0","url","301","url","0",""
"/43985121-2/","https://next.napoan.com/43985121-2","0","url","301","url","0",""
"/43999657-2/","https://next.napoan.com/43999657-2","0","url","301","url","0",""
"/43851879-2/","https://next.napoan.com/43851879-2","0","url","301","url","0",""
"/44059875-2/","https://next.napoan.com/44059875-2","0","url","301","url","0",""
"/44078813-2/","https://next.napoan.com/44078813-2","0","url","301","url","0",""
"/44137681-2/","https://next.napoan.com/44137681-2","0","url","301","url","0",""
"/44200124-2/","https://next.napoan.com/44200124-2","0","url","301","url","0",""
"/44292992-2/","https://next.napoan.com/44292992-2","0","url","301","url","0",""
"/44217376-2/","https://next.napoan.com/44217376-2","0","url","301","url","0",""
"/44307344-2/","https://next.napoan.com/44307344-2","0","url","301","url","0",""
"/44435524-2/","https://next.napoan.com/44435524-2","0","url","301","url","0",""
"/44461459-2/","https://next.napoan.com/44461459-2","0","url","301","url","0",""
"/44563396-2/","https://next.napoan.com/44563396-2","0","url","301","url","0",""
"/44652899-2/","https://next.napoan.com/44652899-2","0","url","301","url","0",""
"/44666590-2/","https://next.napoan.com/44666590-2","0","url","301","url","0",""
"/44939137-2/","https://next.napoan.com/44939137-2","0","url","301","url","0",""
"/44870887-2/","https://next.napoan.com/44870887-2","0","url","301","url","0",""
"/45096498-2/","https://next.napoan.com/45096498-2","0","url","301","url","0",""
"/45110202-2/","https://next.napoan.com/45110202-2","0","url","301","url","0",""
"/45161975-2/","https://next.napoan.com/45161975-2","0","url","301","url","0",""
"/45248724-2/","https://next.napoan.com/45248724-2","0","url","301","url","0",""
"/45327048-2/","https://next.napoan.com/45327048-2","0","url","301","url","0",""
"/45399626-2/","https://next.napoan.com/45399626-2","0","url","301","url","0",""
"/45438182-2/","https://next.napoan.com/45438182-2","0","url","301","url","0",""
"/45502981-2/","https://next.napoan.com/45502981-2","0","url","301","url","0",""
"/45588594-2/","https://next.napoan.com/45588594-2","0","url","301","url","0",""
"/45525707-2/","https://next.napoan.com/45525707-2","0","url","301","url","0",""
"/45675443-2/","https://next.napoan.com/45675443-2","0","url","301","url","0",""
"/46158505-2/","https://next.napoan.com/46158505-2","0","url","301","url","0",""
"/45838679-2/","https://next.napoan.com/45838679-2","0","url","301","url","0",""
"/4jstudio-jungle-explorer/","https://next.napoan.com/4jstudio-jungle-explorer","0","url","301","url","0",""
"/acrossthetime-part1/","https://next.napoan.com/acrossthetime-part1","0","url","301","url","0",""
"/acrossthetime-part4/","https://next.napoan.com/acrossthetime-part4","0","url","301","url","0",""
"/addon-adventurerobot/","https://next.napoan.com/addon-adventurerobot","0","url","301","url","0",""
"/acrossthetime-part3/","https://next.napoan.com/acrossthetime-part3","0","url","301","url","0",""
"/addon-minecon-earth-mobs/","https://next.napoan.com/addon-minecon-earth-mobs","0","url","301","url","0",""
"/addon-qanda-matome/","https://next.napoan.com/addon-qanda-matome","0","url","301","url","0",""
"/addon-rc-car/","https://next.napoan.com/addon-rc-car","0","url","301","url","0",""
"/addon-reduce-player-gravity/","https://next.napoan.com/addon-reduce-player-gravity","0","url","301","url","0",""
"/addon-the-vampires/","https://next.napoan.com/addon-the-vampires","0","url","301","url","0",""
"/advancements-custom-guide-1/","https://next.napoan.com/advancements-custom-guide-1","0","url","301","url","0",""
"/advancements-custom-guide-prolog/","https://next.napoan.com/advancements-custom-guide-prolog","0","url","301","url","0",""
"/announce-pe0-12-date/","https://next.napoan.com/announce-pe0-12-date","0","url","301","url","0",""
"/advancements-custom-guide-2/","https://next.napoan.com/advancements-custom-guide-2","0","url","301","url","0",""
"/aquatic-console-tweet/","https://next.napoan.com/aquatic-console-tweet","0","url","301","url","0",""
"/area-effect-cloud-command/","https://next.napoan.com/area-effect-cloud-command","0","url","301","url","0",""
"/atvi-google-cloud-partner/","https://next.napoan.com/atvi-google-cloud-partner","0","url","301","url","0",""
"/armorstand-model-animation-generator/","https://next.napoan.com/armorstand-model-animation-generator","0","url","301","url","0",""
"/we-are-back-2021/","https://next.napoan.com/we-are-back-2021","0","url","301","url","0",""
"/bcp-video-settings-shared/","https://next.napoan.com/bcp-video-settings-shared","0","url","301","url","0",""
"/backup-pe-and-recovery/","https://next.napoan.com/backup-pe-and-recovery","0","url","301","url","0",""
"/be-beta-113015-character/","https://next.napoan.com/be-beta-113015-character","0","url","301","url","0",""
"/be-beta-329-update/","https://next.napoan.com/be-beta-329-update","0","url","301","url","0",""
"/be-title-screen-layout-change/","https://next.napoan.com/be-title-screen-layout-change","0","url","301","url","0",""
"/be14-coming-instead-of-13/","https://next.napoan.com/be14-coming-instead-of-13","0","url","301","url","0",""
"/beautiful-world-mod-highlands/","https://next.napoan.com/beautiful-world-mod-highlands","0","url","301","url","0",""
"/bedrock-15-switch-first/","https://next.napoan.com/bedrock-15-switch-first","0","url","301","url","0",""
"/bedrock-15-is-in-cert/","https://next.napoan.com/bedrock-15-is-in-cert","0","url","301","url","0",""
"/bedrock-curses-coming/","https://next.napoan.com/bedrock-curses-coming","0","url","301","url","0",""
"/bedrock-first-beta-of-16/","https://next.napoan.com/bedrock-first-beta-of-16","0","url","301","url","0",""
"/bedrock-survival-blockpick/","https://next.napoan.com/bedrock-survival-blockpick","0","url","301","url","0",""
"/bedrock-ravine-seeds/","https://next.napoan.com/bedrock-ravine-seeds","0","url","301","url","0",""
"/bedrock-switch-delayed-until-2018/","https://next.napoan.com/bedrock-switch-delayed-until-2018","0","url","301","url","0",""
"/bedrock-update-1210/","https://next.napoan.com/bedrock-update-1210","0","url","301","url","0",""
"/bedrock-update-1211/","https://next.napoan.com/bedrock-update-1211","0","url","301","url","0",""
"/bedrock-update-122/","https://next.napoan.com/bedrock-update-122","0","url","301","url","0",""
"/bedrock-update-123/","https://next.napoan.com/bedrock-update-123","0","url","301","url","0",""
"/bedrock-update-1213/","https://next.napoan.com/bedrock-update-1213","0","url","301","url","0",""
"/bedrock-update-126/","https://next.napoan.com/bedrock-update-126","0","url","301","url","0",""
"/bedrock-update-125/","https://next.napoan.com/bedrock-update-125","0","url","301","url","0",""
"/bedrock-update-127/","https://next.napoan.com/bedrock-update-127","0","url","301","url","0",""
"/bedrock-update-129/","https://next.napoan.com/bedrock-update-129","0","url","301","url","0",""
"/bedrock-update-16/","https://next.napoan.com/bedrock-update-16","0","url","301","url","0",""
"/bedrock-version12-went-into-cert/","https://next.napoan.com/bedrock-version12-went-into-cert","0","url","301","url","0",""
"/bedrock-update-151/","https://next.napoan.com/bedrock-update-151","0","url","301","url","0",""
"/bedrock-xboxone-mouse-support/","https://next.napoan.com/bedrock-xboxone-mouse-support","0","url","301","url","0",""
"/bedrock-update-161/","https://next.napoan.com/bedrock-update-161","0","url","301","url","0",""
"/best-horror-map/","https://next.napoan.com/best-horror-map","0","url","301","url","0",""
"/bedrock-xboxone-package-launch/","https://next.napoan.com/bedrock-xboxone-package-launch","0","url","301","url","0",""
"/best-shaders-for-onboard/","https://next.napoan.com/best-shaders-for-onboard","0","url","301","url","0",""
"/camera-mod-pixelcam-guide/","https://next.napoan.com/camera-mod-pixelcam-guide","0","url","301","url","0",""
"/howto-summon-invulnerable-entity/","https://next.napoan.com/howto-summon-invulnerable-entity","0","url","301","url","0",""
"/cannot-sprint-command/","https://next.napoan.com/cannot-sprint-command","0","url","301","url","0",""
"/codmw-preventing-using-xim/","https://next.napoan.com/codmw-preventing-using-xim","0","url","301","url","0",""
"/collision-setting-command/","https://next.napoan.com/collision-setting-command","0","url","301","url","0",""
"/command-block-spawner-coming-to-xboxone-and-switch/","https://next.napoan.com/command-block-spawner-coming-to-xboxone-and-switch","0","url","301","url","0",""
"/command-convert-filter-for-v111/","https://next.napoan.com/command-convert-filter-for-v111","0","url","301","url","0",""
"/continuum-shaders-vs-seus/","https://next.napoan.com/continuum-shaders-vs-seus","0","url","301","url","0",""
"/custom-crosshair-mod/","https://next.napoan.com/custom-crosshair-mod","0","url","301","url","0",""
"/damage-chest/","https://next.napoan.com/damage-chest","0","url","301","url","0",""
"/custom-potion-command/","https://next.napoan.com/custom-potion-command","0","url","301","url","0",""
"/desert-minecon-earth-2018/","https://next.napoan.com/desert-minecon-earth-2018","0","url","301","url","0",""
"/data-pack-perfect-guide/","https://next.napoan.com/data-pack-perfect-guide","0","url","301","url","0",""
"/desigin-renewal-napoanworld2/","https://next.napoan.com/desigin-renewal-napoanworld2","0","url","301","url","0",""
"/difference-of-switch-bedrock/","https://next.napoan.com/difference-of-switch-bedrock","0","url","301","url","0",""
"/display-team-total-killscore/","https://next.napoan.com/display-team-total-killscore","0","url","301","url","0",""
"/dont-buy-switch-cartridge/","https://next.napoan.com/dont-buy-switch-cartridge","0","url","301","url","0",""
"/do-not-buy-win10-edition/","https://next.napoan.com/do-not-buy-win10-edition","0","url","301","url","0",""
"/enchant-guide-basic/","https://next.napoan.com/enchant-guide-basic","0","url","301","url","0",""
"/enchant-guide-data/","https://next.napoan.com/enchant-guide-data","0","url","301","url","0",""
"/end-gateway-command-guide/","https://next.napoan.com/end-gateway-command-guide","0","url","301","url","0",""
"/exotic-birds/","https://next.napoan.com/exotic-birds","0","url","301","url","0",""
"/exp-item-shop-commands/","https://next.napoan.com/exp-item-shop-commands","0","url","301","url","0",""
"/festive-facourites-free/","https://next.napoan.com/festive-facourites-free","0","url","301","url","0",""
"/extend-render-distance-now-for-112/","https://next.napoan.com/extend-render-distance-now-for-112","0","url","301","url","0",""
"/ff-15-skin-pack/","https://next.napoan.com/ff-15-skin-pack","0","url","301","url","0",""
"/finally-console-aquatic-released/","https://next.napoan.com/finally-console-aquatic-released","0","url","301","url","0",""
"/finally-switch-bedrock-released/","https://next.napoan.com/finally-switch-bedrock-released","0","url","301","url","0",""
"/first-ss-of-bedrock-13/","https://next.napoan.com/first-ss-of-bedrock-13","0","url","301","url","0",""
"/float-battle-show/","https://next.napoan.com/float-battle-show","0","url","301","url","0",""
"/further-news-of-something-new/","https://next.napoan.com/further-news-of-something-new","0","url","301","url","0",""
"/forever-baby-animal-command/","https://next.napoan.com/forever-baby-animal-command","0","url","301","url","0",""
"/game-directory-guide/","https://next.napoan.com/game-directory-guide","0","url","301","url","0",""
"/goodbye-pe-hello-minecraft/","https://next.napoan.com/goodbye-pe-hello-minecraft","0","url","301","url","0",""
"/hello-java-edition/","https://next.napoan.com/hello-java-edition","0","url","301","url","0",""
"/hikakin-finally-moved-to-bedrock/","https://next.napoan.com/hikakin-finally-moved-to-bedrock","0","url","301","url","0",""
"/hiring-japan-community-manager/","https://next.napoan.com/hiring-japan-community-manager","0","url","301","url","0",""
"/howto-claim-win10-edition/","https://next.napoan.com/howto-claim-win10-edition","0","url","301","url","0",""
"/howto-experience-aquatic-on-be/","https://next.napoan.com/howto-experience-aquatic-on-be","0","url","301","url","0",""
"/howto-install-liteloader-into-forge/","https://next.napoan.com/howto-install-liteloader-into-forge","0","url","301","url","0",""
"/howto-make-potion/","https://next.napoan.com/howto-make-potion","0","url","301","url","0",""
"/howtofix-seus101-error/","https://next.napoan.com/howtofix-seus101-error","0","url","301","url","0",""
"/howtomake-skins-pe/","https://next.napoan.com/howtomake-skins-pe","0","url","301","url","0",""
"/howtouse-extra-addon-switch/","https://next.napoan.com/howtouse-extra-addon-switch","0","url","301","url","0",""
"/howtouse-invisible-bedrock/","https://next.napoan.com/howtouse-invisible-bedrock","0","url","301","url","0",""
"/howtouse-tag-system/","https://next.napoan.com/howtouse-tag-system","0","url","301","url","0",""
"/hytale-201812-simon-and-rezzus/","https://next.napoan.com/hytale-201812-simon-and-rezzus","0","url","301","url","0",""
"/hytale-201812-npcs/","https://next.napoan.com/hytale-201812-npcs","0","url","301","url","0",""
"/hytale-201812-ui/","https://next.napoan.com/hytale-201812-ui","0","url","301","url","0",""
"/hytale-just-revealed/","https://next.napoan.com/hytale-just-revealed","0","url","301","url","0",""
"/hytale-faq-matome/","https://next.napoan.com/hytale-faq-matome","0","url","301","url","0",""
"/hytale-progress-jan292020/","https://next.napoan.com/hytale-progress-jan292020","0","url","301","url","0",""
"/inventory-item-click/","https://next.napoan.com/inventory-item-click","0","url","301","url","0",""
"/icon-of-switch-bedrock/","https://next.napoan.com/icon-of-switch-bedrock","0","url","301","url","0",""
"/java-new-logo-coming/","https://next.napoan.com/java-new-logo-coming","0","url","301","url","0",""
"/java-113-id-bs-changes/","https://next.napoan.com/java-113-id-bs-changes","0","url","301","url","0",""
"/je-113-disable-crafting/","https://next.napoan.com/je-113-disable-crafting","0","url","301","url","0",""
"/je-113-marge-update-aquatic/","https://next.napoan.com/je-113-marge-update-aquatic","0","url","301","url","0",""
"/java-stat-time-since-sleep/","https://next.napoan.com/java-stat-time-since-sleep","0","url","301","url","0",""
"/je113-nbt-json-text/","https://next.napoan.com/je113-nbt-json-text","0","url","301","url","0",""
"/je-bossbar-command-guide/","https://next.napoan.com/je-bossbar-command-guide","0","url","301","url","0",""
"/legacy-console-north-news/","https://next.napoan.com/legacy-console-north-news","0","url","301","url","0",""
"/lego-mc-japan-20190803/","https://next.napoan.com/lego-mc-japan-20190803","0","url","301","url","0",""
"/letus-play-kingdoms-and-castles/","https://next.napoan.com/letus-play-kingdoms-and-castles","0","url","301","url","0",""
"/letus-upvote-for-coordinates-without-cheat/","https://next.napoan.com/letus-upvote-for-coordinates-without-cheat","0","url","301","url","0",""
"/loot-table-perfect-guide-part1/","https://next.napoan.com/loot-table-perfect-guide-part1","0","url","301","url","0",""
"/loot-table-perfect-guide-part2/","https://next.napoan.com/loot-table-perfect-guide-part2","0","url","301","url","0",""
"/lego-resourcepack/","https://next.napoan.com/lego-resourcepack","0","url","301","url","0",""
"/loot-table-perfect-guide-part3/","https://next.napoan.com/loot-table-perfect-guide-part3","0","url","301","url","0",""
"/mario_sonic_2020/","https://next.napoan.com/mario_sonic_2020","0","url","301","url","0",""
"/may-24-2019/","https://next.napoan.com/may-24-2019","0","url","301","url","0",""
"/map-tool-mineatlas/","https://next.napoan.com/map-tool-mineatlas","0","url","301","url","0",""
"/mc-console-history/","https://next.napoan.com/mc-console-history","0","url","301","url","0",""
"/mcbe-beta-11402/","https://next.napoan.com/mcbe-beta-11402","0","url","301","url","0",""
"/mc-new-stairs-and-walls/","https://next.napoan.com/mc-new-stairs-and-walls","0","url","301","url","0",""
"/mcbe-bees-will-come-in-114/","https://next.napoan.com/mcbe-bees-will-come-in-114","0","url","301","url","0",""
"/mcbe-command-selector/","https://next.napoan.com/mcbe-command-selector","0","url","301","url","0",""
"/mcbe-player-name-change/","https://next.napoan.com/mcbe-player-name-change","0","url","301","url","0",""
"/mcbe-helen-ps4-bedrock/","https://next.napoan.com/mcbe-helen-ps4-bedrock","0","url","301","url","0",""
"/mcbe-time-weather-fire-command/","https://next.napoan.com/mcbe-time-weather-fire-command","0","url","301","url","0",""
"/mcbe-ps4-crossplay-option/","https://next.napoan.com/mcbe-ps4-crossplay-option","0","url","301","url","0",""
"/mcbe-trial-version/","https://next.napoan.com/mcbe-trial-version","0","url","301","url","0",""
"/mcbe-update-1121/","https://next.napoan.com/mcbe-update-1121","0","url","301","url","0",""
"/mcbe-update-111/","https://next.napoan.com/mcbe-update-111","0","url","301","url","0",""
"/mcbe-update-110/","https://next.napoan.com/mcbe-update-110","0","url","301","url","0",""
"/mcbe-update-13-released/","https://next.napoan.com/mcbe-update-13-released","0","url","301","url","0",""
"/mcbe-update-18/","https://next.napoan.com/mcbe-update-18","0","url","301","url","0",""
"/mcbe-update-1442/","https://next.napoan.com/mcbe-update-1442","0","url","301","url","0",""
"/mcbe-update-17/","https://next.napoan.com/mcbe-update-17","0","url","301","url","0",""
"/mcbe-update-19/","https://next.napoan.com/mcbe-update-19","0","url","301","url","0",""
"/mcdungeons-diaries-environment/","https://next.napoan.com/mcdungeons-diaries-environment","0","url","301","url","0",""
"/mcdungeons-april-covid19/","https://next.napoan.com/mcdungeons-april-covid19","0","url","301","url","0",""
"/mcdungeons-gameplay-13minutes/","https://next.napoan.com/mcdungeons-gameplay-13minutes","0","url","301","url","0",""
"/mcdungeons-e32019/","https://next.napoan.com/mcdungeons-e32019","0","url","301","url","0",""
"/mcdungeons-release-detail/","https://next.napoan.com/mcdungeons-release-detail","0","url","301","url","0",""
"/mcearth-android-beta/","https://next.napoan.com/mcearth-android-beta","0","url","301","url","0",""
"/mcje-115-first-snapshot/","https://next.napoan.com/mcje-115-first-snapshot","0","url","301","url","0",""
"/mcje-forge-mac-jar/","https://next.napoan.com/mcje-forge-mac-jar","0","url","301","url","0",""
"/mcje-optifine-for-113/","https://next.napoan.com/mcje-optifine-for-113","0","url","301","url","0",""
"/mcl2019-biome-result-mountain/","https://next.napoan.com/mcl2019-biome-result-mountain","0","url","301","url","0",""
"/mcl2019-biome-badlands/","https://next.napoan.com/mcl2019-biome-badlands","0","url","301","url","0",""
"/mcl2019-biome-mountain/","https://next.napoan.com/mcl2019-biome-mountain","0","url","301","url","0",""
"/mcl2019-biome-swamp/","https://next.napoan.com/mcl2019-biome-swamp","0","url","301","url","0",""
"/mcl2019-emote-revealed/","https://next.napoan.com/mcl2019-emote-revealed","0","url","301","url","0",""
"/mcl2019-meet-hoglin/","https://next.napoan.com/mcl2019-meet-hoglin","0","url","301","url","0",""
"/mcps4ed-patch-195/","https://next.napoan.com/mcps4ed-patch-195","0","url","301","url","0",""
"/mcwin10-rtx-gameplay/","https://next.napoan.com/mcwin10-rtx-gameplay","0","url","301","url","0",""
"/mgs-fulton-command-by-dragnoz/","https://next.napoan.com/mgs-fulton-command-by-dragnoz","0","url","301","url","0",""
"/mobspawner-command-customize/","https://next.napoan.com/mobspawner-command-customize","0","url","301","url","0",""
"/nether-update-revealed/","https://next.napoan.com/nether-update-revealed","0","url","301","url","0",""
"/new-3ds-cool-update-coming/","https://next.napoan.com/new-3ds-cool-update-coming","0","url","301","url","0",""
"/new-logo-after-better-together-update/","https://next.napoan.com/new-logo-after-better-together-update","0","url","301","url","0",""
"/new-minecraft-dungeons/","https://next.napoan.com/new-minecraft-dungeons","0","url","301","url","0",""
"/new-turtle-egg-revealed/","https://next.napoan.com/new-turtle-egg-revealed","0","url","301","url","0",""
"/new-nbt-locname-usage/","https://next.napoan.com/new-nbt-locname-usage","0","url","301","url","0",""
"/new-water-physics-detail/","https://next.napoan.com/new-water-physics-detail","0","url","301","url","0",""
"/new3ds-3d-update-soon/","https://next.napoan.com/new3ds-3d-update-soon","0","url","301","url","0",""
"/new3ds-local-multiplayer/","https://next.napoan.com/new3ds-local-multiplayer","0","url","301","url","0",""
"/new3ds-mario-pack/","https://next.napoan.com/new3ds-mario-pack","0","url","301","url","0",""
"/new3ds-update-13/","https://next.napoan.com/new3ds-update-13","0","url","301","url","0",""
"/ninja-box-first-impression/","https://next.napoan.com/ninja-box-first-impression","0","url","301","url","0",""
"/new3ds-update-16/","https://next.napoan.com/new3ds-update-16","0","url","301","url","0",""
"/ninjabox-demo-available/","https://next.napoan.com/ninjabox-demo-available","0","url","301","url","0",""
"/no-foxes-be111/","https://next.napoan.com/no-foxes-be111","0","url","301","url","0",""
"/nomanssky-pathfinder-update/","https://next.napoan.com/nomanssky-pathfinder-update","0","url","301","url","0",""
"/not-long-until-console-aquatic/","https://next.napoan.com/not-long-until-console-aquatic","0","url","301","url","0",""
"/nvidia-mojang-win10-shader/","https://next.napoan.com/nvidia-mojang-win10-shader","0","url","301","url","0",""
"/offhand-item-detect-command/","https://next.napoan.com/offhand-item-detect-command","0","url","301","url","0",""
"/official-backpack-minecraft/","https://next.napoan.com/official-backpack-minecraft","0","url","301","url","0",""
"/old-console-aquatic-after-be/","https://next.napoan.com/old-console-aquatic-after-be","0","url","301","url","0",""
"/only-dof-shaderpack/","https://next.napoan.com/only-dof-shaderpack","0","url","301","url","0",""
"/optifine-1710-supported-shaders/","https://next.napoan.com/optifine-1710-supported-shaders","0","url","301","url","0",""
"/optifine-dynamic-lights/","https://next.napoan.com/optifine-dynamic-lights","0","url","301","url","0",""
"/ori-and-the-blind-forest-switch/","https://next.napoan.com/ori-and-the-blind-forest-switch","0","url","301","url","0",""
"/pc-building-simulator-console/","https://next.napoan.com/pc-building-simulator-console","0","url","301","url","0",""
"/pc-world-of-color-update/","https://next.napoan.com/pc-world-of-color-update","0","url","301","url","0",""
"/pcversion19-command-guide/","https://next.napoan.com/pcversion19-command-guide","0","url","301","url","0",""
"/pe-10-seed-library-survey/","https://next.napoan.com/pe-10-seed-library-survey","0","url","301","url","0",""
"/pe-104-beta/","https://next.napoan.com/pe-104-beta","0","url","301","url","0",""
"/pe-105-update/","https://next.napoan.com/pe-105-update","0","url","301","url","0",""
"/pe-alpha-013/","https://next.napoan.com/pe-alpha-013","0","url","301","url","0",""
"/pe-alpha-0142-and-0143/","https://next.napoan.com/pe-alpha-0142-and-0143","0","url","301","url","0",""
"/pe-alpha-014/","https://next.napoan.com/pe-alpha-014","0","url","301","url","0",""
"/pe-alpha-015/","https://next.napoan.com/pe-alpha-015","0","url","301","url","0",""
"/pe-best-village-seeds/","https://next.napoan.com/pe-best-village-seeds","0","url","301","url","0",""
"/pe-howtomake-redstone-circuits/","https://next.napoan.com/pe-howtomake-redstone-circuits","0","url","301","url","0",""
"/pe-new-mod-toolbox/","https://next.napoan.com/pe-new-mod-toolbox","0","url","301","url","0",""
"/pe-minecon015/","https://next.napoan.com/pe-minecon015","0","url","301","url","0",""
"/pe-nether-fortress-seed/","https://next.napoan.com/pe-nether-fortress-seed","0","url","301","url","0",""
"/pe-ocean-monument-seeds/","https://next.napoan.com/pe-ocean-monument-seeds","0","url","301","url","0",""
"/pe-piston-mod/","https://next.napoan.com/pe-piston-mod","0","url","301","url","0",""
"/pe-update-016/","https://next.napoan.com/pe-update-016","0","url","301","url","0",""
"/pe-update-10/","https://next.napoan.com/pe-update-10","0","url","301","url","0",""
"/pe-update-113/","https://next.napoan.com/pe-update-113","0","url","301","url","0",""
"/pe-update-11/","https://next.napoan.com/pe-update-11","0","url","301","url","0",""
"/pe-update-sign-bug-fix/","https://next.napoan.com/pe-update-sign-bug-fix","0","url","301","url","0",""
"/pe-update-115/","https://next.napoan.com/pe-update-115","0","url","301","url","0",""
"/pe-version-11-beta-build3/","https://next.napoan.com/pe-version-11-beta-build3","0","url","301","url","0",""
"/pe-win10-12-beta/","https://next.napoan.com/pe-win10-12-beta","0","url","301","url","0",""
"/pe-update-12/","https://next.napoan.com/pe-update-12","0","url","301","url","0",""
"/pe-win10-mojang-addon-sample-maps/","https://next.napoan.com/pe-win10-mojang-addon-sample-maps","0","url","301","url","0",""
"/pe-witch-hut-seed/","https://next.napoan.com/pe-witch-hut-seed","0","url","301","url","0",""
"/play-oculus-quest/","https://next.napoan.com/play-oculus-quest","0","url","301","url","0",""
"/pe-world-destructobot5000/","https://next.napoan.com/pe-world-destructobot5000","0","url","301","url","0",""
"/please-translate-minecraft-wiki/","https://next.napoan.com/please-translate-minecraft-wiki","0","url","301","url","0",""
"/possibly-replaymod-for-v1710-is-coming/","https://next.napoan.com/possibly-replaymod-for-v1710-is-coming","0","url","301","url","0",""
"/ps4-switch-164-patch11/","https://next.napoan.com/ps4-switch-164-patch11","0","url","301","url","0",""
"/ps4-switch-170-patch15/","https://next.napoan.com/ps4-switch-170-patch15","0","url","301","url","0",""
"/ps4-switch-167-patch13/","https://next.napoan.com/ps4-switch-167-patch13","0","url","301","url","0",""
"/quite-a-while-console-aquatic/","https://next.napoan.com/quite-a-while-console-aquatic","0","url","301","url","0",""
"/ps4-switch-edition-160-patch8/","https://next.napoan.com/ps4-switch-edition-160-patch8","0","url","301","url","0",""
"/pvp-basic-command/","https://next.napoan.com/pvp-basic-command","0","url","301","url","0",""
"/random-item-machine-with-loot-table/","https://next.napoan.com/random-item-machine-with-loot-table","0","url","301","url","0",""
"/realm-plus-announce/","https://next.napoan.com/realm-plus-announce","0","url","301","url","0",""
"/redstone-tenyawanya-book-review/","https://next.napoan.com/redstone-tenyawanya-book-review","0","url","301","url","0",""
"/renewal-blog/","https://next.napoan.com/renewal-blog","0","url","301","url","0",""
"/replaymod-360-ss/","https://next.napoan.com/replaymod-360-ss","0","url","301","url","0",""
"/replay-mod-part1/","https://next.napoan.com/replay-mod-part1","0","url","301","url","0",""
"/replaymod-add-image/","https://next.napoan.com/replaymod-add-image","0","url","301","url","0",""
"/replaymod-with-shaders/","https://next.napoan.com/replaymod-with-shaders","0","url","301","url","0",""
"/resource-pack-google-image/","https://next.napoan.com/resource-pack-google-image","0","url","301","url","0",""
"/savanna-minecon-earth-2018/","https://next.napoan.com/savanna-minecon-earth-2018","0","url","301","url","0",""
"/scoreboards-coming-to-bedrock/","https://next.napoan.com/scoreboards-coming-to-bedrock","0","url","301","url","0",""
"/sdgp-ceasing-development/","https://next.napoan.com/sdgp-ceasing-development","0","url","301","url","0",""
"/sdgp-delayed-until-2018/","https://next.napoan.com/sdgp-delayed-until-2018","0","url","301","url","0",""
"/ps4-minecraft-dynamic-theme/","https://next.napoan.com/ps4-minecraft-dynamic-theme","0","url","301","url","0",""
"/sega-mario-and-sonic-2020-menbers/","https://next.napoan.com/sega-mario-and-sonic-2020-menbers","0","url","301","url","0",""
"/shell-heart-reveal/","https://next.napoan.com/shell-heart-reveal","0","url","301","url","0",""
"/shoot-fireball-everywhere-command/","https://next.napoan.com/shoot-fireball-everywhere-command","0","url","301","url","0",""
"/sign-command-generator/","https://next.napoan.com/sign-command-generator","0","url","301","url","0",""
"/skin-pack-of-minecon-earth-2017/","https://next.napoan.com/skin-pack-of-minecon-earth-2017","0","url","301","url","0",""
"/something-starting-with-u/","https://next.napoan.com/something-starting-with-u","0","url","301","url","0",""
"/something-that-goes-in-the-game/","https://next.napoan.com/something-that-goes-in-the-game","0","url","301","url","0",""
"/speedbuildgen-by-crushedpixel/","https://next.napoan.com/speedbuildgen-by-crushedpixel","0","url","301","url","0",""
"/steam-overlay-on-bethesda-launcher/","https://next.napoan.com/steam-overlay-on-bethesda-launcher","0","url","301","url","0",""
"/super-duper-release-date-reveal/","https://next.napoan.com/super-duper-release-date-reveal","0","url","301","url","0",""
"/switch-bedrock-release-date/","https://next.napoan.com/switch-bedrock-release-date","0","url","301","url","0",""
"/switch-bedrock-screen-reveal/","https://next.napoan.com/switch-bedrock-screen-reveal","0","url","301","url","0",""
"/switch-bedrock-until-cartridge/","https://next.napoan.com/switch-bedrock-until-cartridge","0","url","301","url","0",""
"/switch-edition-movie-capture/","https://next.napoan.com/switch-edition-movie-capture","0","url","301","url","0",""
"/switch-edition-release-date/","https://next.napoan.com/switch-edition-release-date","0","url","301","url","0",""
"/switch-edition-star-wars-skinpack/","https://next.napoan.com/switch-edition-star-wars-skinpack","0","url","301","url","0",""
"/taiga-minecon-earth-2018-2/","https://next.napoan.com/taiga-minecon-earth-2018-2","0","url","301","url","0",""
"/switch-mc-outselling-mariotennis/","https://next.napoan.com/switch-mc-outselling-mariotennis","0","url","301","url","0",""
"/tansaku-1/","https://next.napoan.com/tansaku-1","0","url","301","url","0",""
"/tansaku-2/","https://next.napoan.com/tansaku-2","0","url","301","url","0",""
"/tansaku-3/","https://next.napoan.com/tansaku-3","0","url","301","url","0",""
"/tellraw-command-generator/","https://next.napoan.com/tellraw-command-generator","0","url","301","url","0",""
"/terraria-switch-coming-2019/","https://next.napoan.com/terraria-switch-coming-2019","0","url","301","url","0",""
"/the-heist-supported-japanese/","https://next.napoan.com/the-heist-supported-japanese","0","url","301","url","0",""
"/the-last-leviathan-review/","https://next.napoan.com/the-last-leviathan-review","0","url","301","url","0",""
"/things-todo-before-switch-bedrock/","https://next.napoan.com/things-todo-before-switch-bedrock","0","url","301","url","0",""
"/this-week-news-of-switch-bedrock/","https://next.napoan.com/this-week-news-of-switch-bedrock","0","url","301","url","0",""
"/things-you-should-know-about-n3ds-edition/","https://next.napoan.com/things-you-should-know-about-n3ds-edition","0","url","301","url","0",""
"/tomorrow-switch-bedrock-release/","https://next.napoan.com/tomorrow-switch-bedrock-release","0","url","301","url","0",""
"/traptower-2/","https://next.napoan.com/traptower-2","0","url","301","url","0",""
"/treyarch-icon-jumpimg-man/","https://next.napoan.com/treyarch-icon-jumpimg-man","0","url","301","url","0",""
"/traptower-1/","https://next.napoan.com/traptower-1","0","url","301","url","0",""
"/turtle-and-secret-structure-reveal/","https://next.napoan.com/turtle-and-secret-structure-reveal","0","url","301","url","0",""
"/turtle-phantom-will-come-later/","https://next.napoan.com/turtle-phantom-will-come-later","0","url","301","url","0",""
"/underwater-ruins-movie-reveal/","https://next.napoan.com/underwater-ruins-movie-reveal","0","url","301","url","0",""
"/update-aquatic-coming-old-console/","https://next.napoan.com/update-aquatic-coming-old-console","0","url","301","url","0",""
"/update-wither-in-pe016-beta/","https://next.napoan.com/update-wither-in-pe016-beta","0","url","301","url","0",""
"/wafu-sohonke-world/","https://next.napoan.com/wafu-sohonke-world","0","url","301","url","0",""
"/version12-release-date/","https://next.napoan.com/version12-release-date","0","url","301","url","0",""
"/why-stadia-will-fail/","https://next.napoan.com/why-stadia-will-fail","0","url","301","url","0",""
"/wii-sports-teniss-but-its-minecraft/","https://next.napoan.com/wii-sports-teniss-but-its-minecraft","0","url","301","url","0",""
"/wiiu-switch-world-transfer-very-soon/","https://next.napoan.com/wiiu-switch-world-transfer-very-soon","0","url","301","url","0",""
"/xboxone-codmw-cero/","https://next.napoan.com/xboxone-codmw-cero","0","url","301","url","0",""
"/windows10-texture-launcher/","https://next.napoan.com/windows10-texture-launcher","0","url","301","url","0",""
"/win10-12-beta-with-android/","https://next.napoan.com/win10-12-beta-with-android","0","url","301","url","0",""
"/xboxone-super-plus-pack-delayed/","https://next.napoan.com/xboxone-super-plus-pack-delayed","0","url","301","url","0",""
"/eula/","https://next.napoan.com/eula","0","url","301","url","0",""
"/privacy-policy/","https://next.napoan.com/privacy-policy","0","url","301","url","0",""
"/35563208-2/","https://next.napoan.com/35563208-2","0","url","301","url","0",""
